Members of the markup Network

github created markup and everyone else forked it. This is the family tree. 

GitHub github / markup 

 1y 1y / markup 

 Vladimir Sobolev 350d / markup 

 Alexandre THOMAS a-thomas / markup 

 Adan Alvarado aalvarado / markup 

 Aart Röst aartrost / markup 

 Mohammad Asif aasif / markup 

 Abel  abelsoares / markup 

 abrissette abrissette / markup 

 Ash Caire acaire / markup 

 LEE JAE HO acidsound / markup 

 Adam Pash adampash / markup 

 Adrien adrienbailly / markup 

 Andreas Fast afast / markup 

 afilimonova afilimonova / markup 

 Agus Prasetyo agusprasetyo811 / markup 

 Aidan Smyth aidansmyth / markup 

 FB III AIT / markup 

 Ajaya Agrawalla ajaya / markup 

 ajileso ajileso / markup 

 ajurso ajurso / markup 

 akiller akiller / markup 

 Michael Akkari akkas / markup 

 akshah123 akshah123 / markup 

 Alan1992 Alan1992 / markup 

 alba2001 alba2001 / markup 

 Alberto Fortes albertofortes / markup 

 Albert Rosa albertrosa / markup 

 albertyann albertyann / markup 

 Alexander Myltsev alexander-myltsev / markup 

 alexlust alexlust / markup 

 alexvnsky alexvnsky / markup 

 Alie Alie / markup 

 Allah Akbar AllahAkbar / markup 

 Alex alp06h / markup 

 alpeshdarji alpeshdarji / markup 

 Alwin Chan alwinchan / markup 

 Alykoff Alykoff / markup 

 Andi Harpianto amhnews / markup  

 Amit Jaiswal amitjaiswal / markup 

 Antonio Moraes Trindade amtrindade / markup 

 amy bearty AmyBearty / markup 

 Anand Ghaywankar anandwebonise / markup 

 anay anay / markup 

 Andrea-Tabbles Andrea-Tabbles / markup 

 Artem Andreev andreev-artem / markup 

 Andrew Chaa andrewchaa / markup 

 andsmi andsmi / markup 

 Andy Morris andy-morris / markup 

 anettell anettell / markup 

 Angel Dahler angeladt / markup 

 ankgksn ankgksn / markup 

 Andrea Martini AnMartini / markup 

 anthony-uken anthony-uken / markup 

 antquinonez antquinonez / markup 

 Bryan Monti Aperture-Laboratories / markup 

 Sergey Belov arikon / markup 

 Jonas Arnklint arnklint / markup 

 artay artay666 / markup 

 Watchara Thongkam artozephyr7 / markup 

 Boris artsifer / markup 

 Arturo Ticona Apaco artur909 / markup 

 Artur Kowalczyk arturkowalczyk / markup 

 ArtX38 ArtX38 / markup 

 Arun Kumar Jain arunkjn / markup 

 ASIAN WALL asianwall / markup 

 Austin Pentek aspentek / markup 

 Austin austinbv / markup 

 authdom authdom / markup 

 So Awesome Man awesome / markup 

 Matthew Ta ayshinematt / markup 

 Artyom azernov / markup 

 b2l b2l / markup 

 Thomas Bakketun bakketun / markup 

 Balaji Iyer balajiciyer / markup 

 Youssef Barhomi barhomi / markup 

 barrantesgerman barrantesgerman / markup 

 Brockmann Consult Development bcdev / markup 

 Bin Cui bcui6611 / markup 

 Brian Dewey bdewey / github-markup 

 beardface beardface / markup 

 BRIVAS LAB beaubol / markup 

 Bryant Teja beeant / markup 

 Shergin Rodion beholderrk / markup 

 Behrang Javaherian behrangj / markup 

 bennylin bennylin / markup 

 bescond bescond / markup 

 Daniel Moravec bestodds / markup 

 Anthony DeFreitas biganth / markup 

 Dave Brown bigdavedev / markup 

 Duval bilboeee / markup 

 Bishoy Hanna bishoyh / markup 

 Barack Karavani bkaravani / markup 

 Jeevan blacklizard / markup 

 Gregor Noczinski blaubaer / markup 

 blendimc blendimc / markup 

 Yoshi Sakai bluemooninc / markup 

 Bassam Mehanni bmehanni / markup 

 Antonin Kral bobek / markup 

 Farhang Zia bonz0 / markup 

 Martin Prebio bountin / markup 

 Bramas Bramas / markup 

 breakit breakitfixit / markup 

 Brent Turner brentrt / markup 

 Robert Krzysztoforski brissenden / markup 

 BrixSat BrixSat / markup 

 Stefano brozzis / markup 

 Brian Jeppesen btjeppesen / markup 

 Andrea Ferroni bubbakk / markup 

 buchtak buchtak / markup 

 Emir Ibrahimbegovic c0mrade / markup 

 Mithun Kamath callmekatootie / markup 

 valerio capogna capognavalerio / markup 

 Carlos Maniero carlosmaniero / markup 

 Carlos Marin carlosmarin / markup 

 carsonbook carsonbook / markup 

 Cadu de Castro Alves castroalves / markup 

 Chris Clerville CClerville / markup 

 Brandon T. Fields cdated / markup 

 Christian Deliens cdeliens / markup 

 Ced2911 Ced2911 / markup 

 cerkus cerkus / markup 

 chadfennell chadfennell / markup 

 chanoch chanoch / markup 

 charith sooriyaarachchi charithsoori / markup 

 Carl-Gustaf Harroch charroch / markup 

 chatriyan chatriyan / markup 

 Arnaud Armand chenesh / markup 

 Lionel Orry chickenkiller / markup 

 chineseneo chineseneo / markup 

 chinsong chinsong / markup 

 chkpnt chkpnt / markup 

 chloester chloester / markup 

 Christopher Clarke chrisdev / markup 

 ChristianWulf ChristianWulf / markup 

 Christofer Bengtsson christofer-bengtsson / markup 

 Eugene chromigo / markup 

 chshouyu chshouyu / markup 

 André Chukki / markup 

 Rafael Cirolini cirolini / markup 

 cjcbusatto cjcbusatto / markup 

 Clark Kent clark-kent / markup 

 Clifford Almeida cliffordalmeida / markup 

 Cristián Meléndez cmelendez / markup 

 Jongmin Kim cmiscm / markup 

 cohe aoki coa00 / markup 

 Dennis Yarborough cocoageek / markup 

 Eric Redmond coderoshi / markup 

 Peter Daum coders-kitchen / markup 

 Nan Zhu CodingCat / markup 

 ComarchWorkshops ComarchWorkshops / markup 

  conanca / markup 

 connieyang connieyang / markup 

 CornGuo cornguo / markup 

 Gleydson Costa costalince / markup 

 Chas. J. Owens IV cowens / markup 

 Christiaan Pansegrouw cpansegrouw / markup 

 Carlos Pérez cpgonzal / markup 

 Christian Riedel criedel / markup 

 Juan Pablo Crossley crossleyjuan / markup 

 crvcr crvcr / markup 

 Cristian Talau ctalau / markup 

 ctomezsko ctomezsko / markup 

 cubrid-guy cubrid-guy / markup 

 cuongbk cuongbk / markup 

 cyfex cyfex / markup 

 Hang Chen cyndibaby905 / markup 

 Dave Abrahams dabrahams / github-markup 

 David Golden dagolden / markup 

 Dag Wieers dagwieers / markup 

 dan-huang dan-huang / markup 

 won dancal / markup 

 DanConstantin DanConstantin / markup 

 Daniel Ramirez danielfr1987 / markup 

 Danny Rosen Dannyzen / markup 

 Daniel Valencia Backhoff danvalencia / markup 

 Daniel Santiago danysantiago / markup 

 Krasotin Artyom Darkemon / markup 

 David daviddiaz / markup 

 David Escribano García DavidEGx / markup 

 davidoshiro davidoshiro / markup 

 DavidQL DavidQL / markup 

 David davidrivera / markup 

 Daniele DCasaburo / markup 

 Dennis Bartlett dcbartlett / markup 

 dchang7211 dchang7211 / markup 

 Daniel Kimsey dekimsey / markup 

 Xing Zhou dekom / markup 

 Derek VerLee DerekV / markup 

 derpeter derpeter / markup 

 derri88 derri88 / markup 

 Area de Desarrollo desarrolloTi / markup 

 Desarrollo UNLa dev-unla / markup 

 Jeffry Bobb Develomentional / markup 

 Derval Fairweather dfairwea / markup 

 David Gersting dgersting / markup 

 Dharmendra Dharmendra10 / markup 

 Diego Castro diegocastro / markup 

 digilogos digilogos / markup 

 Dmitriy Zayceff dim-s / markup 

 Dmitry Shurov Dimax4d / markup 

 Alex Wu dindinw / markup 

 Massimiliano Dinuz / markup 

 divijkumar divijkumar / markup 

 Georgios djrimokbp / markup 

 DJTrain DJTrain / markup 

 DjustinK DjustinK / markup 

 dkardanski dkardanski / markup 

 dlamp dlamp / markup 

 Matt Yetter dmajoraddnine / markup 

 Dmytro Makhno dmakhno / markup 

 Dmitry Shevchenko dmishe / markup 

 Dmitriyff Dmitriyff / markup 

 Dominic docchang / markup 

 Akshay Dodeja dodeja / markup 

 dodoas dodoas / markup 

 Olivier Mengué dolmen / Github-Markup 

 Donosn donson / markup 

 Dor Tzur dortzur / markup 

 dotnetwise dotnetwise / markup 

 Doug Rathbone dougrathbone / markup 

 DragoonSoftware DragoonSoftware / markup 

 dragosmocrii dragosmocrii / markup 

 Deepankar Raizada draizada / markup 

 David Allen drallen1 / markup 

 dreamken dreamken / markup 

 dreamweaver76 dreamweaver76 / markup 

 Sean Smith dremoor / markup 

 Simon Elvery drzax / markup 

 Duncan Sommerville dsommerville / markup 

 James Chen dumganhar / markup 

 Duncan Evans DuncanEvans / markup 

 dustinseibel dustinseibel / markup 

 dustyco dustyco / markup 

 Eduardo Alex Duukaa / markup 

 duzgun duzgun / markup 

 Dynisyuk Vitaliy dvwhitem / markup 

 David Oshiro dyohi / markup 

 dyosukeb dyosukeb / markup 

 ebadia ebadia / markup 

 Edson Carvalho ecarvalho / markup 

 ecentric ecentric / markup 

 Edoardo Tosca ed0t / markup 

 Adrián Estrada edsadr / markup 

 eduoliveros eduoliveros / markup 

 Ertuğrul Emre Ertekin eeertekin / markup 

 eglee eglee / markup 

  eiabea / markup 

 Ekawahyu Susilo ekawahyu / markup 

 Sylvain DEVAUX el-teedee / markup 

 eladr eladr / markup 

 Antonio Reggiani elbutanero / markup 

 Michael Elfassy elfassy / markup 

 Eduardo Nunes emmnunes / markup 

 empreendemia empreendemia / markup 

 Carl Johnson emptyland / markup 

  Emtec / markup 

 Musialak Jerome enda / markup 

 Enix Shen enix12enix / markup 

 ensō software enso / markup 

 Epictetus Epictetus / markup 

 Erik Bernoth erikb85 / markup 

 Erik Figueiredo erikfig / markup 

 Erik Yuntantyo erikyuntantyo / markup 

 erolcan erolcan / markup 

  esa-pia / markup 

 Valentin Haenel esc / markup 

 Mauricio Esguerra esguerra / markup 

 Ernesto Simionato esimionato / markup 

 ESOS Lab. ESOS-Lab / markup 

 Mike Du Russel ethryx / markup 

 Richard Samuelson euhiemf / markup 

 Evan Joe evanzhou2000 / markup 

 evertoncunha evertoncunha / markup 

 Adrian Co exst-aco / markup 

 exytab exytab / markup 

 Ezequias Rodrigues da Rocha ezequias / markup 

 情封 f2er / markup 

 fabianabel fabianabel / markup 

 Anton Cheshkov fanwave / markup 

 fardly fardly / markup 

 Farid Hayati FariDesign / markup 

 fated fated / markup 

 fddayan fddayan / markup 

 Federico fedmich / markup 

 Felipe Toscano felipetac / markup 

 fengsage fengsage / markup 

 Florent Gallaire fgallaire / markup 

 Filipe Costa filipebarcos / markup 

 Flavio Percoco Premoli FlaPer87 / markup 

 Mike Whitaker fleetfootmike / markup 

 James Mead floehopper / markup 

 FlorianMettetal FlorianMettetal / markup 

 flule flule / markup 

 Federico Commisso fman7 / markup 

 Folke Lemaitre folke / markup 

 Francis Engelmann francisengelmann / markup 

 franzmathauser franzmathauser / markup 

 Fredrik Bonander fredrikbonander / markup 

 freeznet freeznet / markup 

 Friso Speulman frisospeulman / markup 

 Bill Zhao ftwbzhao / markup 

 Fernando Witzke fwitzke / markup 

 Pavel fxzuz / markup 

 Joshua Kidd g33kidd / markup 

 Gabriel Le Breton GabLeRoux / markup 

 GaborWnuk GaborWnuk / markup 

 Ganesh Hegde ganeshx / markup 

 gantao gantao / markup 

 Sergey Garbalinskiy garbalinskiy / markup 

 Matt Anderson gauchomatt / markup 

 Michael Granger ged / markup 

 GeDox GeDox / markup 

 gelu77 gelu77 / markup 

 Mamadou Diagne genova / markup 

 Gerard Geer gerard-geer / markup 

 Gianluca Stringhini gianlucasb / markup 

 Peter Seibel gigamonkey / github-markup 

 Gil gilpreplay / markup 

 gindis gindis / markup 

 Glenn Van Loock GlennVL91 / markup 

 Geoffroy Lesage glesage / markup 

 glodos glodos / markup 

 Pablo Martí gmpablo / markup 

 Damjan Dimitrioski gnud / markup 

 Georgi Lambov gogoluxecs / markup 

 göker gokercebeci / markup 

 Petr Gorodechnyj gorodechnyj / markup 

 Federico Ramirez gosukiwi / markup 

 Gourav Tiwari gouravtiwari / markup 

 Emmanuel Okorie grafikkaos / markup 

 graubs graubs / markup 

 Greg Mercer gregmercer / markup 

 Greg Nehus gregnehus / markup 

 Ken Oscar Grønnbeck gronnbeck / markup 

 chris grzegorczyk grze / markup 

 gsonnenf gsonnenf / markup 

 Gautam Tandon (paypal) gtandon / markup 

  Gueust / markup 

 guiniro guiniro / markup 

 Weilong Guo guoweilong / markup 

 guozhaohui guozhaohui / markup 

 Adam Hamsik haad / markup 

 wbmark hadoopeco / markup 

 hagulion hagulion / markup 

 Joshua Bird HalcyonChimera / markup 

 Mohamed Hamdy hamdy95 / markup 

 Hannes Mühleisen hannesmuehleisen / markup 

 Tommi Hännikkälä hannikkala / markup 

 Hantse Hantse / markup 

 hare hare85 / markup 

 Jarek Sobiecki harijari / markup 

 Hassan Shamim hassanshamim / markup 

 Harry Gonzalez hcgonzalezpr / markup 

 Harry Garrood hdgarrood / markup 

 heller2007 heller2007 / markup 

 helloworld121 helloworld121 / markup 

 hezachary hezachary / markup 

 hiearth hiearth / markup 

 hiei0222 hiei0222 / markup 

 Sergio Marin highercomve / markup 

 lee hjin hjin1123 / markup 

 Holger Rüprich holger / markup 

 Hans Sprecher honzie / markup 

 Hubert Kunnemeyer HubertK / markup 

 Vadym hudvin / markup 

 Yang Chan Suk huewu / markup 

 hugo assunção hugoassuncao / markup 

 Kevin Hungai hungai / markup 

 hursevich hursevich / markup 

 Lihang Li hustcalm / markup 

 hwinte hwinte / markup 

 Hyungwoon Song hys / markup 

 hzzlzz hzzlzz / markup 

 Federico Iachetti iachettifederico / markup 

 Ian McGregor ianmcgregor / markup 

  iBeacons / markup 

 ifhan ifhan / markup 

 Joe Lei ifooth / markup 

 Marco Fasoglio ifts / markup 

 Igor Matkovic igormatkovic / markup 

 Igor Pimentel igorpimentel / markup 

 Jonas Da Cruz IGZjonasdacruz / markup 

 Patrik Dufresne ikus060 / markup 

 ImaginaryDevelopment ImaginaryDevelopment / markup 

 imbugs imbugs / markup 

 imfly imfly / markup 

 Chris impaler / markup 

 Iñaki Abete inakiabt / markup 

 Brian Inderwies inderwies / markup 

 Ingy döt Net ingydotnet / markup 

 Adam Nicholls inkysplat / markup 

 Inlead ApS inlead / markup 

 instantoffer instantoffer / markup 

 Mostafa Rahmati iranwebdesign / markup 

 Isaura Galafate isauragalafate / markup 

 Denis IslamovDenis / markup 

 Ivan Yurin ivan-yurin / markup 

 Ivan Zuñiga Perez ivankruelone / markup 

 Ivan Vanderbyl ivanvanderbyl / markup 

 Vanya ivictbor / markup 

 Daniele Montecchi jackeo / markup 

 Jackson Hull jacksonhull / markup 

 jacky-cao jacky-cao / markup 

 Jorge Gonzalez jag2kn / markup 

 Jake Yeung jakeyeung / markup 

 Jérémy Aubert Jalyo / markup 

 James jameshsieh / markup 

 Bruno Ferreira jamirooo / markup 

 jangyungi jangyungi / markup 

 janis janis / markup 

 Jarek Pelczynski jarekpelczynski / markup 

 jason-green-io jason-green-io / markup 

 Jason Locklin JasonLocklin / markup 

 Jason Melo jasonmelo / markup 

 JavierGrinon JavierGrinon / markup 

 jawr jawr / markup 

 Jay jayavanth / markup 

 Jacob Beard jbeard4 / markup 

 Jason Broughton jbroughton72 / markup 

 José Manuel Díez jdiez17 / markup 

 Jean Souza jeancarlos / markup 

 JIN Tao jeffkyjin / markup 

 Jeff Steinport jeffsteinport / markup 

 jenkioo jenkioo / markup 

 jeonghwan jeonghwan-kim / markup 

 Jerry Hong jerryhongthreefoldphotos / markup 

 Jet JetJiang / markup 

 Jonathan Gamba jgambarios / markup 

 Josue Hernandez jghg02 / markup 

 Jessy Giacomoni JGProg / markup 

 Mohammad Honarmand jhm9318 / markup 

 JiangSuyong JiangSuyong / markup 

 jieer jieer / markup 

 Jim Keeler jimkeeler / markup 

 Jivin jivin / markup 

 题叶 jiyinyiyong / markup 

 Jjingo Samuel Bagenzekukola jjingob / markup 

 Josef Kjærgaard jkcom / markup 

 Jeremy McAnally jm / markup 

 JMatt Peterson jmatt / markup 

 J.M. CIery jmpp / markup 

 João Silva joaoplus / markup 

 Joeao Joeao / markup 

 Johan Forsberg johanfforsberg / markup 

 johannramos johann-ramos / markup 

 johann67 johann67 / markup 

 johanwannenburg johanwannenburg / markup 

 John500 John500 / markup 

 John Bintz johnbintz / markup 

 John Need johnneed / markup 

 johnwonder johnwonder / markup 

 Jonas Baumann jone / markup 

 Tomáš Pavlacky jonnybcz / markup 

 Jonny Dark jonnydark / markup 

 Josias Josiastech / markup 

 João Vitor dos Santos honorato jotaV / markup 

 Joseph Z jozhao / markup 

 jpkabel jpkabel / markup 

 Jeff Schifano jrschifa / markup 

 Jack Schlotthauer jschlot / markup 

 Wong Chun Kiat jubic / markup 

 jueying jueying / markup 

 我系小仇 JuneChiu / markup 

 Jung jung921 / markup 

 Jianchun Wang justnewbee / markup 

 Philipp Tarasiewicz justphil / markup 

 kabeltier kabeltier / markup 

 Kyle Adams kadams54 / markup 

 kakajoy kakajoy / markup 

 Tabor Kvasnicka kamakwazee / markup 

 karlhuang karlhuang / markup 

 karlma karlma / markup 

 kashif123 kashif123 / markup 

 kathangeorg kathangeorg / markup 

 K Chandrasekhar Omkar kcomkar / markup 

 Masanori Kado kdmsnr / markup 

 Kei Shiratsuchi kei-s / markup 

 Kenaniah Cerny kenaniah / markup 

 Vladimir Shafikov kersh / markup 

 kessw89 kessw89 / markup 

 kevinruscoe kevinruscoe / markup 

 khonsou khonsou / markup 

 Khronos Group Webmaster Khronoswebmaster / markup 

 kidnet kidnet / markup 

 Kiefanzo Kiefanzo / markup 

 Kien Pham kienpham2000 / markup 

 Enrique López Mañas kikoso / markup 

 H.Y. Kim. kimbobv22 / markup 

 Mike Brousseau kingmook / markup 

 Kirill Kirill89 / markup 

 kisibe46 kisibe46 / markup 

 Kiyoharu Suzuki kiyosuzu / markup 

 Klaus Wilms klauswilms / markup 

 Aleksej Filippovich klierik / markup 

 klinster klinster / markup 

 Karl Castillo koralarts / markup 

 Simon kosssi / markup 

 Kouhei Sutou kou / markup 

 Tim Kraska kraskat / markup 

 Kristian Lein-Mathisen kristianlm / markup 

 Nekhelesh Ramananthan krnekhelesh / markup 

 krwlive1 krwlive1 / markup 

 Denise ksucase / markup 

 Alexandr Kulik kulya / markup 

 kungfu-kim kungfu-kim / markup 

 Kunuk Nykjær kunukn / markup 

 kustom666 kustom666 / markup 

 kvzhuang kvzhuang / markup 

 Tim Chang kw0006667 / markup 

 Khurram Waqas Malik KWMalik / markup 

 l20061642 l20061642 / markup 

 Lag1101 Lag1101 / markup 

 lagom- lagom- / markup 

 Mikhail Larchanka larchanka / markup 

 Sergey Larionov larionov / markup 

 Qifan.Du laxser / markup 

 Luis Albarenga laychopy / markup 

 lchrennew lchrennew / markup 

 Leandro Loiola dos Santos leandroloiola / markup 

 Lee Dohm lee-dohm / markup 

 lemonlwz lemonlwz / markup 

 Leoche Leoche / markup 

 Leon Fedotov LeonFedotov / markup 

 Leonid leonid-gaev / markup 

 Daniel Lerner lernerd / markup 

 Rusty levous / markup 

 Alejandro Duarte Sánchez lexds1591 / markup 

 lu haorui lhrkkk / markup 

 LifeGames LifeGames / markup 

 Roberto Salgado lightos / markup 

 Craig Hesling linux4life798 / markup 

 lionofgod lionofgod / markup 

 Lisda Haryani Lisda / markup 

  lissyx / markup 

 Deng Wei lnsoso / markup 

 Loc Sic locsic / markup 

 Long Nguyen longnguyen11288 / markup 

 longtianye longtianye / markup 

 Ian Kelly LtSquigs / markup 

 Luca Barbato lu-zero / markup 

 Lucio P. Cossio LucioC / markup 

 luckysilk luckysilk / markup 

 Luis E. Fabián luisefabian / markup 

 LuisGS luisgs / markup 

 luisperezphd luisperezphd / markup 

 Luiz Fernando Lopes luizfernandolopes / markup 

 Lukas Reschke LukasReschke / markup 

 Lucas Bittencourt lukebitts / markup 

 lunkan lunkan / markup 

 Luca lventu / markup 

 lvtrndtkm lvtrndtkm / markup 

 Dmitry lyamin626 / markup 

 lyckade lyckade / markup 

 Lyle Troxell lyle / markup 

 Matt Woodfield m6tt / markup 

 Manuel Bahamóndez Honores mabahamo / markup 

 Amine macherif / markup 

  maciej-wichrowski / markup 

 Hanhong Xue macroxue / markup 

 Guisch_ Madlaine / markup 

 savin mafei198 / markup 

 Marcus Ahnve mahnve / markup 

 Aaron Jefferson Villanueva malebolgia / markup 

 Manny Isles mannysoft / markup 

 manojambati manojambati / markup 

 Manpreet Sethi manpreetssethi / markup 

 Mapk mapk / markup 

 Adrian Redman marblegravy / markup 

 Marc Donaldson marcdonaldson / markup 

 Marcelo Siqueira marcelosiqueira / markup 

 Mariano J. Ponce marianoj / markup 

 Mark Steward marksteward / markup 

 Markus Klems markusklems / markup 

 Duane Bekaert Marneus68 / markup 

 Lily Tao MarsFreewill / markup 

 Mai Mashini mashini / markup 

 MasterGos MasterGos / markup 

 Mateusz Gachowski mateuszgachowski / markup 

 mawi001 mawi001 / markup 

 Max Gutman maxgutman / markup 

 Maxim maxmukhin / markup 

 maxschloegl maxschloegl / markup 

 Mohammad Biabani mbbn / markup 

 mcshape mcshape / markup 

 Maxim Denisov mdenisov / markup 

 Comunidad de Software Libre de la Uni mekix / markup 

 Manuel Andres Garcia Vazquez mgvazquez / markup 

 Matthew Williams mgwilliams / markup 

 Michael michael87 / markup 

 Michael Chan michaelchan0427 / markup 

 Michael Jones michaeljones / github-markup 

 Michael Marriott michaelmarriott-vox / markup 

 Michael C. Harris michaeltwofish / markup 

 michaelzhang2012 michaelzhang2012 / markup 

 Michał Kowalkowski michalkow / markup 

 mickael foucaux mickro / markup 

 Midhun Devasia midhundevasia / markup 

 Michael De Rubertis mike55884 / markup 

 Michael Sick mikeasick / markup 

 mikeedwards83 mikeedwards83 / markup 

 Marco de Jong miraclemarc / markup 

 Murat Kilivan mkilivan / markup 

 mladerman mladerman / markup 

 Matt Martin mmartin0 / markup 

 masashige nemoto mnenm / markup 

 mo-zag mo-zag / markup 

 Soheil Moayedi Azarpour moayes / markup 

 moglodek moglodek / markup 

 Mohammed Abdurrahman moharram82 / markup 

 Moilleadoir Moilleadoir / markup 

 Dan Allen mojavelinux / github-markup 

 monshi monshi / markup 

 Nathan Boiron Mopolo / markup 

 Pete Hodgson moredip / markup 

 morefigs morefigs / markup 

 Morgan Packard morganpackard / markup 

 Adamo Morone morone / markup 

 Manfred Moser mosabua / markup 

 moskito518 moskito518 / markup 

 mothball mothball / markup 

 Matheus Castello Mpro3Developer / markup 

 Amir Harel mrharel / markup 

 Marc Abramowitz msabramo / markup 

 msibee msibee / markup 

 Marcin Stefaniak mstefaniak / markup 

 Mark Davidson mtdavidson / markup 

 murtali murtali / markup 

 Michael Musatov musatov / markup 

 Michael Van Wickle mvwicky / markup 

 mohamed mxm19 / markup 

 Malcom MyMalcom / markup 

 Andrew Nacin nacin / markup 

 Nicolás Allegrotti nallegrotti / markup 

 Joseph Liu natanovia / markup 

 Nate5566 Nate5566 / markup 

 Nathaniel nathanielescribano / markup 

 Mohammad Nazrul Islam nazrulworld / markup 

 Nat NAzT / markup 

 Niranjan B Prithviraj nbprithv / markup 

 nemiah nemiah / markup 

 nenads nenads / markup 

 nhacvuong nhacvuong / markup 

 nice-min nice-min / markup 

 Nic Ferrier nicferrier / markup 

 Nic Grayson nicgrayson / markup 

 nick74 nick74 / markup 

 Nick Lombard nickl- / markup 

 Nicolas Gramlich nicolasgramlich / markup 

  banlyst banlyst / markup 

  Mostafa Imran mostafaimran / markup 

   thaind / markup 

 Miguel Angel Aníbal Davor nigue / markup 

  Jean Pierre Duchens Duchens / markup 

 nikolayshtanko nikolayshtanko / markup 

 Nikos Dimos nikosd23 / markup 

 Nicolas Blejman nikun / markup 

 Bongkyung ninkin / markup 

 Toshiyuki NISHIKAWA nis0tosi / markup 

 Nixit Patel nixit28 / markup 

 N Groenewald njardus / markup 

 noonius noonius / markup 

 Nicolas Pinto npinto / markup 

  oducroux / markup 

 Oleg Krasavin okwinza / markup 

 omg4gz omg4gz / markup 

 Fasih Awan Ommy / markup 

 Omri omri / markup 

 Dmitriy onemoresunday / markup 

 Rovellotti orovellotti / markup 

 oshiimizunohuta oshiimizunohuta / markup 

 dami oshogunro / markup 

 Oswaldo S Ferreira oswaldoferreira / markup 

 Özgür ozgurodabasi / markup 

 P1raten P1raten / markup 

 Pablo Aguilar pablosound / markup 

 Pablo pablovg2 / markup 

 Pål Brattberg pal / markup 

 Marcos paliari / markup 

 paneru paneru / markup 

 pangbuntu pangbuntu / markup 

 Pankaj Doharey pankajdoharey / markup 

 Anthony Catel paraboul / markup 

 paramiao paramiao / markup 

 Pascal Erb paschelino / markup 

 pat8037 pat8037 / markup 

 paulo-surfdome paulo-surfdome / markup 

 pdrdev pdrdev / markup 

 pesbuker pesbuker / markup 

 Peter Armstrong peterarmstrong / markup 

 Gordon petteyg / markup 

 Peyman Khanjan peymankh / markup 

 Dung Pham phamd1989 / markup 

 pheer pheer / markup 

 Philip Searle philip-searle / markup 

 Philipp Boes phillies2k / markup 

 phillymacswp phillymacswp / markup 

 Picklify Picklify / markup 

 pig can pigcan / markup 

 Alexander Solovyov piranha / markup 

  Victor Manuel Ramirez Alvarado RepoRights / markup 

 Mike Pirog pirog / markup 

 Pivotal Casebook pivotal-casebook / markup 

 Ezeki Zibzibadze playerx / markup 

 ple-rhu-she ple-rhu-she / markup 

 Philippe Ombredanne pombredanne / markup 

 Pedro Oscar Nascimento pomsan / markup 

 John Chacko poonkave / markup 

 pradeeppandey pradeeppandey / markup 

 Preto Preto / markup 

 Tomasz Wójcik prgTW / markup 

 Primitivo R. Montero primitivorm / markup 

 Philip Rogers progers / markup 

  proslambanomenos / markup 

 psadchenko psadchenko / markup 

 Rowan Lewis psychoticmeow / markup 

 Douglas Campos qmx / markup 

 qq396718312 qq396718312 / markup 

 Tom Cornyn quantumtom / markup 

 Tomasz Bogdal queezythegreat / markup 

 qzm qzm / markup 

 RachidElYoussfi RachidElYoussfi / markup 

 ashraf dhafin raff28 / markup 

 Rainer W. RainerW / markup 

 raktv raktv / markup 

 Ryan Tabora ratabora / markup 

 Rauf Ridzuan raufridzuan / markup 

 Raul Jimenez rauljim / markup 

 raxitcholera raxitcholera / markup 

 Spence Green rayder441 / markup 

 raylivefyre raylivefyre / markup 

 Raphael Negrisoli Batista rbatista / markup 

 Reid Braswell rbraswell / markup 

 RedBust RedBust / markup 

 Razvan Moraru redcom / markup 

 Regi Ellis regiellis / markup 

 Rem remerico / markup 

 Renée Hendricksen reneedv / markup 

 reneolivo reneolivo / markup 

  repro / markup 

 reso-nishioka reso-nishioka / markup 

 Marc Lagrange rhaamo / markup 

 Robert Tolar Haining rhaining / markup 

 Steven Richardson richdynamix / markup 

 rickchew rickchew / markup 

 Rick van Schalkwijk rickvanschalkwijk / markup 

 J Ryan Littlefield rlittlefield / markup 

 rmulryan rmulryan / markup 

 Youri van den Bogert Roachz / markup 

 RobertN RobertN / markup 

 Rodrigo Muniz rodrigomuniz / markup 

 roelvan roelvan / markup 

 rolaechea rolaechea / markup 

 roman5566 roman5566 / markup 

 romeoh romeoh / markup 

 Robert Schroll rschroll / markup 

 Maurizio Spoto RTOSkit / markup 

 rubbepa rubbepa / markup 

 Ruben Storm rubenstorm / markup 

 Pasindu Perera rumal / markup 

 Russell Solberg RussSolberg / markup 

 Robert Ward rward / markup 

 Han Chen ryanchen06 / markup 

 Ryan McGarvey ryanmcgarvey / markup 

 Sahib Alejandro Jaramillo Leo sahibalejandro / markup 

 Steve Nus SaintNus / markup 

 Saj Khan sajkhan / markup 

 OZAWA Sakuro sakuro / markup 

 Samuel Bronson SamB / markup 

 Samira Tasharofi samira-t / markup 

 Sandokan Dias sandokandias / markup 

 sarathdr sarathdr / markup 

 Sarkhad aka D_ART Sarkhad / markup 

 Allan K. Jensen Saturate / markup 

 SayCV SayCV / markup 

 SazereS SazereS / markup 

 Scott Chacon schacon / markup 

  schowkwa / markup 

 Sean Corrigall SeanCorrigall / markup 

 sebastianspiegler sebastianspiegler / markup 

 Sebastian Mellor sebble / markup 

 Sergey Tselovalnikov SerCeMan / markup 

 Sergio  sergiom23 / markup 

 Sevil Yılmaz sevilyilmaz / markup 

 Şevket Bulamaz sevket / markup 

 sezina sezina / markup 

 Chris Pickel sfiera / github-markup 

 Shaharia Azam shahariaazam / markup 

 ShahoG ShahoG / markup 

 shahtejas178 shahtejas178 / markup 

 Shailesh shaileshpandit / markup 

 shamimz shamimz / markup 

 Sharoon Thomas sharoonthomas / markup 

 Shashikant Shashikant86 / markup 

 shelker shelker / markup 

 Shunichi Shinohara shino / markup 

 shinotra shinotra / markup 

 shizm46 shizm46 / markup 

 Shosta Shosta / markup 

 shreepadgaikwad shreepadgaikwad / markup 

 Shriram R Ramamurthy shriram-r-r / markup 

 si2lille si2lille / markup 

 agung susanto siagung / markup 

 Josef Šimánek simi / markup 

 Maplewing sinmaplewing / markup 

 Siriphapar Siriphapar / markup 

 Siyamed SINIR siyamed / markup 

 sjivvnr sjivvnr / markup 

 skideh skideh / markup 

 Rashaad Essop skopp / markup 

  skroes / markup 

 Theodore Diamantidis skydraios / markup 

 sljones1 sljones1 / markup 

 Deyarov Ruslan sm00th1980 / markup 

 Scot Marvin smarvin / markup 

 smilev2 smilev2 / markup 

 Sheikh Sajid smsajid / markup 

 solarstone solarstone / markup 

 Dan Sosedoff sosedoff / markup 

 SowWn SowWn / markup 

 Spencer Tipping spencertipping / markup 

 spiralofhope spiralofhope / markup 

 Anshu Sprine / markup 

 Andrea Sprogrammer / markup 

 Sai Pullabhotla spullabhotla / markup 

 Jesse Middleton srcasm / markup 

 Sean sshadmand / markup 

 Stevie Shannon sshannon / markup 

 Stamo Petkov stamo / markup 

 startx startxfr / markup 

 stefan-rueschenberg stefan-rueschenberg / markup 

 Stefan Foulis stefanfoulis / markup 

 Stéphane Vieira StephaneVieira / markup 

 Stephanie Luschen Stephanie82 / markup 

 Stephen Weinberg stephenmw / markup 

 Chao Shi stepinto / markup 

 steven15 steven15 / markup 

 stigliew stigliew / markup 

 stojce stojce / markup 

 Josh Stratton strattonbrazil / markup 

 Ahmad Samiei Stunt / markup 

 sukuizhang sukuizhang / markup 

 sullenboom sullenboom / markup 

 sunlightcs sunlightcs / markup 

 superpigy superpigy / markup 

 Doug Hatcher superterran / markup 

 SuRaMoN SuRaMoN / markup 

 Susovan87 Susovan87 / markup 

 Swarnendu De swarnendude / markup 

 Sylvain Gizard sylvaingi / markup 

 Secumetrix symsec / markup 

 Émile Sytten / markup 

 Zoltan Debre szines / markup 

 takeshi yamashita takecy / markup 

 Tamim Saeedi tamimsaeedi / markup 

 Tapasya tapasya / markup 

 Tolga Arıcan tarican / markup 

 Tate Tian tatetian / markup 

 Taximus Taximus / markup 

 Tayo Win tayowin / markup 

 Tomasz tborys / markup 

 tdufvaconmio tdufvaconmio / markup 

 Team BlueRidge teamblueridge / markup 

 risk danger olson technoweenie / markup 

 tecroy tecroy / markup 

 temesoft temesoft / markup 

 TerryGeng TerryGeng / markup 

 testusername testusername / markup 

 Vitaliy Zurian thecatontheflat / markup 

 Sascha Bay TheCry / markup 

 thekyz thekyz / markup 

 Vladimir TheRatG / markup 

 thesadboy thesadboy / markup 

 Thiemo thiemo / markup 

 Tiffy29 Tiffy29 / markup 

 Tim Martin timcmartin / markup 

 Tim Keefer timotheus / markup 

 Tingan Ho tinganho / markup 

 Thibault Cohen titilambert / markup 

 TJSomething TJSomething / markup 

 Tasos Latsas tlatsas / markup 

 Timothee Maret tmaret / markup 

 temapio tmasiff / markup 

 tmd10470 tmd10470 / markup 

 Thomas Edwards tmfksoft / markup 

 tmhallik tmhallik / markup 

 Trent Honribrook tnh / markup 

 Dongjin Kim tobetter / markup 

 todun todun / markup 

 Thomas Alexander tomalex0 / markup 

 Tomáš Kocfelda tomaskocfelda / markup 

 tomazin tomazin / markup 

 Tomek Kuklis tomkuk / markup 

 tomotomo tomotomo / markup 

 Tom Regner tomterl / markup 

 Tomas Mehdi tomymehdi / markup 

  tonatos / markup 

 Torsten Walter torstenwalter / markup 

 toshihisa3 toshihisa3 / markup 

 Matt Dean trabianmatt / markup 

  trigeorgis / markup 

 Benjamin Chambon Trigu / markup 

 tulioseveriano tulioseveriano / markup 

 Tushar tusharv / markup 

 tuteng tuteng / markup 

 Seppel Hardt tuxBurner / markup 

 unarchive unarchive / markup 

 unikdrift unikdrift / markup 

 Ben Fagin UnquietCode / markup 

 Youhei SASAKI uwabami / markup 

 Vadim Comanescu vadimcomanescu / markup 

 ValerioMedeiros ValerioMedeiros / markup 

 vartana vartana / markup 

 Victor Cardins vcardins / markup 

 vdt vdt / markup 

 venky venkateshcm / markup 

 Weronika Kami veriKami / github-markup 

 veverjak veverjak / markup 

 Victor Ng victorng8 / markup 

 Victor M Ramirez Alvarado Victorramirez602 / markup 

 Kendall Guillemette vigilanteweb / markup 

 Vikas vikks / markup 

 Alexandru G. vimishor / markup 

 vinothwindows47 vinothwindows47 / markup 

 Vinod vinu123 / markup 

 vitas vitstradal / markup 

 vleseg vleseg / markup 

 Lars Moelleken voku / markup 

 Marc Vontobel vontobel / markup 

 vreugdenhil vreugdenhil / markup 

 VRShiva VRShiva / markup 

 Nhữ Bảo Vũ Vunb / markup 

 Wagner Santos wagnergsantos / markup 

 wallycofe wallycofe / markup 

 wangajing wangajing / markup 

 Will wasinsandiego / markup 

 web3dstudioltd web3dstudioltd / markup 

 Troy Whittier whittier / markup 

 whoo24 whoo24 / markup 

 Jerry Lee wildjcrt / markup 

 Wilhansen Li Wilhansen / markup 

 willem-daems willem-daems / markup 

  williamvoor / markup 

 Wilson Giese WilsonGiese / markup 

 wilsonjd9 wilsonjd9 / markup 

 Withoutcane withoutcane / markup 

 woerwin woerwin / markup 

 hugo wolf85kunst / markup 

 Alexander Fedossov wollmilchsau / markup 

 Woody Huang woodyhuang / markup 

 Руслан Корнев woto / markup 

 wrjade wrjade / markup 

 wtfil wtfil / markup 

 X-rus X-rus / markup 

 ZHU, Kaidi XadillaX / markup 

 Xanatos38 Xanatos38 / markup 

 Ahtesham xanderdrax / markup 

 xcommerce-gists xcommerce-gists / markup 

 xcrimson xcrimson / markup 

 Valeriy xdan / markup 

 xel51 xel51 / markup 

 xfun68 xfun68 / markup 

 Xiaochun Zhou xiaochunzhou / markup 

 Axel Beckert xtaran / markup 

 xxbastekxx xxbastekxx / markup 

 Ki Won Kim xyz37 / markup 

 Cervantesy yajinn / markup 

 Michael Ding yandy / markup 

 Golomidov Evgeny yangel / markup 

 yangzhenlin yangzhenlin / markup 

 Yarden Shem Tov yardenst / markup 

 Alejandro Quintero yasakani / markup 

 Yaacov Akiba Slama yaslama / markup 

 YayFun YayFun / markup 

 ygtw ygtw / markup 

 yhsgw yhsgw / markup 

 Ying Zeng Yinzcn / markup 

 yoannmtr yoannmtr / markup 

 Yoon Lee Yoonster / markup 

 Kevin Kline youxianmin / markup 

 ystskm ystskm / markup 

 ytokas ytokas / markup 

 Naoyuki Miyashita yukimya / markup 

 Yuri Pratama yuripertamax / markup 

 Yuriy Kurylenko yuriykurylenko / markup 

 Yusuf Aytaş yusufaytas / markup 

 Zach Denton zacharydenton / markup 

 Kacper Zbonikowski Zbonikowski / markup 

 Zac Duncan zeedunk / markup 

 zejn zejn / github-markup 

 ZekomZ - Zekom Tribute Magazine - G+ Zekom / markup 

 zengirlmedia zengirlmedia / markup 

 Zhizhong Liu zhizhong / markup 

 zhouxm zhouxm / markup 

 zonghai zonghai-li / markup 

 Alexey Zorkaltsev Zork33 / markup 

 zrlram zrlram / markup 

 Zurik Phillips zuriknet / markup 

 Zurrox Zurrox / markup 

 Brook Zhou zz3599 / markup 

 zzmjohn zzmjohn / markup 
 
 
